Player|7952|Simone Padoin
Player|26848|Roberto Trashorras Gayoso
Player|5251|Abdalla Mahmoud El Said Bekhit
Player|6719|Franco Damián Vázquez
Player|27456|Anderson Conceição Benedito
Player|25943|Luís Fabiano Clemente
Player|19420|Fern Whelan
Player|25858|Ricardo Sanzol Goñi
Player|26714|Marco Jhonnier Pérez Murillo
Player|26396|Hedwiges Maduro
Player|26797|Francisco Medina Luna
Player|6563|Juan Pablo Añor Acosta
Player|25613|Narumi Miura
Player|3083|Heung-Min Son
Player|25933|Juan Manuel Peña Montaño
Player|7669|Marcos García Barreno
Player|25618|Christine Manie
Player|5456|Mateo Kovačić
Player|24925|Olivia Chance
Player|23811|Alberto Perea Correoso
Player|13108|Marc Cardona Rovira
Player|6785|Yassine Bounou
Player|40403|Malcolm Christie
Player|5181|Yury Gazinskiy
Player|5013|Tobin Heath
Player|25810|Sudarat Chuchuen
Player|20008|Patrice Evra
Player|6736|Álvaro Medrán Just
Player|15629|Satara Murray
Player|24683|Diego Ángel Capel Trinidad
Player|6899|Rubén Pardo Gutiérrez
Player|40360|Ulises Hernán de la Cruz Bernardo
Player|3815|Kasper Schmeichel
Player|23382|Mohamed Lamine Sissoko Gillan
Player|5621|Ludwig Augustinsson
Player|10371|Elisa Bartoli
Player|26600|Vítor Hugo Gomes Passos
Player|40389|Per Frandsen
Player|23843|Diego Mariño Villar
Player|6889|Víctor Moya Martínez
Player|19298|"Samuel Eto""o Fils"
Player|5257|Mahmoud Abdul Monem Abdelhamid Soliman
Player|24191|Alejandro Alfaro Ligero
Player|3621|Eden Hazard
Player|5490|Jackson Irvine
Player|23747|Cristian Omar Espinoza
Player|25940|José María Romero Poyón
Player|3434|Stevan Jovetić
Player|40275|Mauricio Taricco
Player|6359|Johan Danon Djourou-Gbadjere
Player|3043|Christian Dannemann Eriksen
Player|26753|Javier Varas Herrera
Player|40384|"Augustine Azuka ""Jay-Jay"" Okocha"
Player|3233|Raheem Shaquille Sterling
Player|25916|Ewerthon Henrique de Souza
Player|26689|Nauzet Alemán Viera
Player|10195|Rachel Mclauchlan
Player|25718|Chiamaka Cynthia Nnadozie
Player|20538|Alexandros Tziolis
Player|5468|Domagoj Vida
Player|5592|Bryan Ruiz González
Player|26398|Asier del Horno Cosgaya
Player|6902|Óscar Melendo Jiménez
Player|31557|Katharina Baunach
Player|25510|Nahikari García Pérez
Player|5018|Andressa Cavalari Machry
Player|6848|Andrés Tomás Prieto Albert
Player|5550|Yann Sommer
Player|5585|Daniel Colindres Solera
Player|5019|Michelle Betos
Player|25570|Lee Alexander
Player|6138|Ricardo Guardia Avila
Player|26012|David Navarro Pedrós
Player|5208|Thiago Alcântara do Nascimento
Player|26109|Raúl Tamudo Montero
Player|3406|Jérémy Toulalan
Player|11161|Rúben Micael Freitas da Ressurreição
Player|26218|Adrián López Rodríguez
Player|10155|María Pilar León Cebrián
Player|5247|Nahitan Michel Nández Acosta
Player|4982|Katlyn Johnson
Player|27347|Juan Manuel Vargas Risco
Player|6894|Ezequiel Muñoz
Player|34384|Djibril Cissé
Player|4276|David Ospina Ramírez
Player|25840|Celia Jiménez Delgado
Player|25638|Moeka Minami
Player|26585|Annamaria Serturini
Player|18395|Vinícius José Paixão de Oliveira Júnior
Player|5590|Johnny Acosta Zamora
Player|26041|Rubén Pérez Chueca
Player|3612|Ashley Young
Player|25922|Leonardo Daniel Ponzio
Player|26649|Jermaine Pennant
Player|40287|Tie Li
Player|10225|Aurora Galli
Player|25695|Daniela Paz Zamora Mancilla
Player|6311|Lovre Kalinić
Player|4443|Paul Baysse
Player|5482|Josh Risdon
Player|5091|McCall Zerboni
Player|25681|Warunee Phetwiset
Player|20136|Silvestre Manuel Gonçalves Varela
Player|25591|Juan Rodríguez Martínez
Player|3091|Moussa Sissoko
Player|10037|Danilo Barbosa da Silva
Player|25675|Sunisa Srangthaisong
Player|5192|Yehya Sulaiman Al Shehri
Player|26846|Diego Benito Rey
Player|6909|Damián Emiliano Martínez
Player|16250|Cristian Lobato Villegas
Player|3254|Florian Thauvin
Player|40305|Mark Kennedy
Player|26594|Antonio Hidalgo Morilla
Player|25554|Khadija Monifa Shaw
Player|3633|Gareth Barry
Player|27317|Eduardo Jesús Vargas Rojas
Player|40326|Danny Mills
Player|25559|Tamires Cassia Dias Gomes
Player|3486|Fernando Llorente Torres
Player|6313|Wilder José Cartagena Mendoza
Player|5612|Mikael Lustig
Player|6807|Roberto Suárez Pier
Player|25814|Daniela Pardo
Player|20368|Alexander Kerzhakov
Player|24080|José Verdú Nicolás
Player|23796|Marco Sangalli Fuentes
Player|15665|Michael Owen
Player|26727|Marcos Sebastián Aguirre
Player|6291|Yasser Abdullah Al Mosailem
Player|25873|Oleguer Presas Renom
Player|6595|Daniel Parejo Muñoz
Player|25985|David Coromina Pararols
Player|15716|Emily Syme
Player|6304|Arnór Ingvi Traustason
Player|4953|Alyssa Mautz
Player|26156|Rasheedat Ajibade
Player|6718|Sergio Escudero Palomo
Player|4988|Sarah Killion
Player|6900|Rafael Jesús Navarro Mazuelos
Player|31565|Abbi Grant
Player|25464|Faith Michael
Player|4041|José Salomón Rondón Giménez
Player|6693|Raúl Rodríguez Navas
Player|40375|Paolo Di Canio
Player|5658|Łukasz Piszczek
Player|5646|Aníbal Cesis Godoy
Player|4947|Danielle Colaprico
Player|5241|Vahid Amiri
Player|5475|John Michael Nchekwube Obinna
Player|6774|Borja Valle Balonga
Player|25261|Pedro Tonon Geromel
Player|20133|Xabier Alonso Olano
Player|4409|Wesley Sneijder
Player|6926|Alen Halilović
Player|11603|Mario Pašalić
Player|26196|Fabricio Fabio Fuentes
Player|26711|Roberto López Esquiroz
Player|19668|Augusto Matías Fernández
Player|3625|Sofiane Boufal
Player|26095|Therese Ninon Abena
Player|17524|Jennifer Beattie
Player|25449|Min-Jeong Kim
Player|27402|Álvaro Daniel Pereira Barragán
Player|21397|Stole Dimitrievski
Player|5607|Andreas Granqvist
Player|23761|Alhassane Bangoura
Player|26488|Fabio Coltorti
Player|26081|Pedro Mario Álvarez Abrante
Player|15713|Bonnie Horwood
Player|25467|Tochukwu Oluehi
Player|15628|Christie Murray
Player|40409|Junichi Inamoto
Player|5027|Erika Tymrak
Player|26782|José Antonio Delgado Villar
Player|6806|Shaquell Moore
Player|26054|Gheorghe Craioveanu
Player|4891|Ibrahim Afellay
Player|25633|Eliana Noemi Stabile
Player|26507|Rafael Romero Serrano
Player|3545|Luiz Gustavo Dias
Player|27339|Cedric Mabwati Gerard
Player|17620|Marc Cucurella Saseta
Player|16376|Sophie Baggaley
Player|5622|Robin Olsen
Player|25537|Elise Kellond-Knight
Player|5252|Marwan Mohsen
Player|20130|Fernando Morientes Sánchez
Player|5467|Leon-Aderemi Balogun
Player|10380|Leonie Maier
Player|24508|Manuel Castellano Castro
Player|5570|Manuel Neuer
Player|21210|Mariano Ferreira Filho
Player|10203|Cristiana Girelli
Player|11301|Miguel Alfonso Herrero Javaloyas
Player|5555|Julian Brandt
Player|18620|Sergio Reguilón Rodríguez
Player|27122|Simão Mate
Player|6703|Christian Rivera Hernández
Player|16395|Victoria Williams
Player|26570|Amalie Vevle Eikeland
Player|15095|Tugay Kerimoğlu
Player|19892|Dimitar Ivanov Berbatov
Player|5536|Yussuf Yurary Poulsen
Player|38466|Brian McBride
Player|25750|Yan Wang
Player|25824|Ángel Trujillo Canorea
Player|10151|Jennifer Hermoso Fuentes
Player|5608|Yong Lee
Player|26456|Luís Eduardo Schmidt
Player|6844|Federico Ricca Rostagnol
Player|15606|Joseba Andoni Etxeberria Lizardi
Player|5640|Gabriel Enrique Gómez Girón
Player|27155|Bojan Jokić
Player|25871|José Izquierdo Martínez
Player|26721|Joan Oriol i Gràcia
Player|13014|Anatoliy Tymoshchuk
Player|6868|Bruno Alexandre Vilela Gama
Player|6374|Nélson Cabral Semedo
Player|40362|Juan Pablo Ángel Arango
Player|25450|Young-Ju Lee
Player|6628|Óscar David Romero Villamayor
Player|20034|Danielle Buet
Player|5499|Maximiliano Eduardo Meza
Player|4971|Rebecca Moros
Player|5659|"Khadim N""Diaye"
Player|27565|Hélder Filipe Oliveira Lopes
Player|25769|Lauren Amanda Silver
Player|5649|Anice Badri
Player|25861|Iñaki Muñoz Oroz
Player|40420|Carlos Manuel Bocanegra
Player|26616|Sidi Yaya Keita
Player|25461|Uchenna Kanu
Player|40363|Lee Hendrie
Player|3623|Adrián San Miguel del Castillo
Player|5071|Monica Hickmann Alves
Player|26754|Eduardo Bedia Peláez
Player|8223|Franck Bilal Ribéry
Player|26159|Albert Riera Ortega
Player|3446|Djibril Sidibé
Player|40262|Jerrel Hasselbaink
Player|3063|Danilo Luiz da Silva
Player|20134|Joan Capdevila Méndez
Player|26451|Marcos dos Santos Assunção
Player|5084|"Denise O""Sullivan"
Player|16399|Kate Natkiel
Player|25517|Nothando Vilakazi
Player|6887|Jonás Ramalho Chimeno
Player|34393|Nelson de Jesus da Silva
Player|40365|Eric Daniel Djemba-Djemba
Player|25903|Laurent Viaud
Player|6723|Wissam Ben Yedder
Player|5199|Jorge Resurrección Merodio
Player|6866|Marc Roca Junqué
Player|5015|Kelli Hubly
Player|3009|Kylian Mbappé Lottin
Player|5219|Romain Saïss
Player|40368|Ian Harte
Player|8199|Toni Pressley
Player|7468|Iago Falqué Silva
Player|23977|Eduardo Ramos Gómez
Player|15595|Steffen Iversen
Player|7183|Moctar Sidi El Hacen El Ide
Player|25895|Felix Dja Ettien Yohou
Player|25663|Betsy Hassett
Player|5583|Aleksandar Prijović
Player|26440|Juan Manuel Ortiz Palazón
Player|25639|Virginia Gómez
Player|6770|Esteban Félix Granero Molina
Player|11389|Francisco José Beltrán Peinado
Player|26087|Carlos Gurpegi Nausia
Player|24453|Josip Radošević
Player|35648|Karima Benameur
Player|25892|Ignacio Pérez Santamaría
Player|20510|Alexei Gennadyevich Smertin
Player|8298|Megan Rapinoe
Player|10198|Josanne Potter
Player|15725|Natasha Harding
Player|11304|Francisco José Olivas Alba
Player|25609|Stephanie Labbe
Player|7699|Daniele Verde
Player|11674|Damián Marcelo Musto
Player|5047|Jaelene Hinkle
Player|3294|Juan Manuel Mata García
Player|26499|Gustavo Nery De Sá Da Silva
Player|25813|Waraporn Boonsing
Player|6818|Hayley Raso
Player|19297|Daniel Van Buyten
Player|26160|Ángel Martínez Cervera
Player|3471|Dejan Lovren
Player|5244|Medhi Amine El Mouttaqi Benatia
Player|5674|Moussa Wagué
Player|26428|Narcisse-Olivier Kapo Obou
Player|22027|Anne Moorhouse
Player|27305|Germán Darío Lux
Player|24462|Claudia Christiane Endler Mutinelli
Player|6307|Duje Ćaleta-Car
Player|4950|Whitney Church
Player|15579|Inessa Kaagman
Player|24860|Héctor Rodas Ramírez
Player|26800|Mikel Labaka Zurriarain
Player|10091|Janni Arnth-Jensen
Player|6634|Djené Dakonam Ortega
Player|27191|Diogo Ferreira Salomão
Player|26678|Victor Obinna Nsofor
Player|5586|Marcos Danilo Ureña Porras
Player|7033|Nikola Kalinić
Player|25199|Lucas Silva Borges
Player|25607|Henriette Akaba
Player|5266|Lucas Torreira Di Pascua
Player|25843|Rhoda Mulaudzi
Player|26037|Carlos Merino González
Player|5645|Armando Enrique Cooper Whitaker
Player|3538|Wayne Mark Rooney
Player|5714|Mohammed Khalil Al Owais
Player|10193|Chloe Arthur
Player|25687|Camila Alejandra Saez Oyaneder
Player|25548|Konya Plummer
Player|19285|Dejan Stanković
Player|11538|Alejandro Moreno Lopera
Player|5034|Jessica McDonald
Player|21014|Vyan Sampson
Player|3493|Emre Can
Player|3557|Naïm Sliti
Player|3385|Alexis Alejandro Sánchez Sánchez
Player|25556|Kathellen Sousa Feitoza
Player|25984|Ángel Domingo López Ruano
Player|31540|Katie Zelem
Player|11305|Raphael Dwamena
Player|19415|Lucy Gillett
Player|26165|Amy Harrison
Player|26185|Víctor Manuel Fernández Gutiérrez
Player|15573|Abbey-Leigh Stringer
Player|26419|Javier Ángel Balboa Osa
Player|6762|Álvaro González Soberón
Player|3655|Andrew Robertson
Player|24811|David Omar Rodríguez Barrera
Player|31566|Lucy Whipp
Player|40295|Stan Lazaridis
Player|26017|Francisco Javier Vicente Navarro
Player|5044|Débora Cristiane de Oliveira
Player|6303|Viktor Fischer
Player|25606|Vanesa Santana
Player|6320|Filipe Luis Kasmirski
Player|19500|Sarah Emma Mayling
Player|26656|Humberto Andrés Suazo Pontivo
Player|5836|Bryan Oviedo
Player|26657|Pedro Ríos Maestre
Player|6632|Manuel Alejandro García Sánchez
Player|3193|Bernardo Mota Veiga de Carvalho e Silva
Player|16386|Lucy Graham
Player|19888|Martin Petrov
Player|7013|Stefano Sturaro
Player|6852|Jozabed Sánchez Ruiz
Player|13597|Oriol Busquets Mas
Player|18608|Dmytro Chygrynskiy
Player|4987|Sydney Miramontez
Player|3196|Wahbi Khazri
Player|31552|Hannah Godfrey
Player|25674|Sukanya Chor Charoenying
Player|26189|Sisinio González Martínez
Player|21062|Alexandra Riley
Player|40319|Paul Jones
Player|27461|Francisco Manuel Vélez Jiménez
Player|26176|Iván Gabriel Heinze
Player|32169|Jamie-Lee Napier
Player|40396|Matt Jansen
Player|26750|Tiago Filipe Figueiras Gomes
Player|10259|Lina Magull
Player|18145|Ria Percival
Player|20330|Frank Lampard
Player|6356|Michael Krohn-Dehli
Player|12737|David Villa Sánchez
Player|7068|Marc Bartra Aregall
Player|15515|Patrick Vieira
Player|26622|Juliano Roberto Antonello
Player|4319|Edinson Roberto Cavani Gómez
Player|5557|Timo Werner
Player|20035|Bethan Roe
Player|3504|Ruben Loftus-Cheek
Player|4980|Thaysa de Moraes Rosa Moreno
Player|26427|Roberto Carlos Abbondanzieri
Player|19765|Simão Pedro Fonseca Sabrosa
Player|8584|Jonathas Cristian de Jesus
Player|5054|Janine van Wyk
Player|6857|Rúben Afonso Borges Semedo
Player|26137|Óscar Serrano Rodriguez
Player|8234|Ignacio Camacho Barnola
Player|27516|Rafael Ramos Lozano
Player|15550|Bethany England
Player|33006|Kirsten Jane Reilly
Player|40270|Gary Oliver Kelly
Player|20519|Juan Gutiérrez Moreno
Player|38551|Shaun Wright-Phillips
Player|25944|Nenad Mirosavljević
Player|25555|Bárbara Micheline do Monte Barbosa
Player|4995|Celeste Boureille
Player|40397|Martin Andresen
Player|25960|Frédéric Oumar Kanouté
Player|25876|Pierre Achille Webó Kouamo
Player|5080|Kristen Hamilton
Player|5101|Samantha Johnson
Player|5670|Michał Pazdan
Player|22197|Juan Miranda González
Player|27154|Nikolaos Karabelas
Player|11296|Óscar Plano Pedreño
Player|3645|Gary Cahill
Player|25967|Enrique Fernando Ortiz Moruno
Player|10224|Sara Caroline Seger
Player|27566|Cayetano Bartolomé Bonnín Vásquez
Player|25986|Borja Oubiña Meléndez
Player|5207|Cristiano Ronaldo dos Santos Aveiro
Player|18147|Kate Longhurst
Player|25624|Risa Shimizu
Player|6756|Marc Navarro Ceciliano
Player|26123|Peter Luccin
Player|25953|Armando Riveiro de Aguilar Malda
Player|25689|Rosario Balmaceda
Player|26065|David Aganzo Méndez
Player|4943|Estelle Johnson
Player|3455|Luka Milivojević
Player|40416|Luke Young
Player|10922|Vladimír Weiss
Player|25749|Ying Li
Player|7905|Raúl Lizoáin Cruz
Player|23315|Yohan Mollo
Player|21860|Paige Bailey Gayle
Player|11009|Chris Baird
Player|5584|Giancarlo González Castro
Player|27145|Emmanuel Nosakhare Igiebor
Player|4951|Rebecca Quinn
Player|6720|Pablo Sarabia García
Player|40272|Stephen Kelly
Player|7914|Sulley Ali Muntari
Player|8668|Kevin-Prince Boateng
Player|40240|Paul Dickov
Player|25964|Matías Nicolás Pavoni
Player|5611|Gustav Svensson
Player|25626|Raissa Feudjio Tchuanyo
Player|24505|Manuel Jesús Vázquez Florido
Player|8523|Yevhen Konoplyanka
Player|5228|Seyed Majid Hosseini
Player|3436|Idrissa Gana Gueye
Player|25963|José Julián De La Cuesta Herrera
Player|22102|Adriano Correia Claro
Player|25134|Deyverson Brum Silva Acosta
Player|26028|Fernando Amorebieta Mardaras
Player|3267|Luis Antonio Valencia Mosquera
Player|5265|Mohamed El Shenawy
Player|31713|Maéva Clemaron
Player|20127|Carlos Marchena López
Player|26055|Iván Sánchez Rico Soto
Player|5061|Haley Judith Kopmeyer
Player|19421|Carly Mitchell Telford
Player|23988|Federico Piovaccari
Player|25746|Kaylin Swart
Player|26508|Daniel Aquino Pintos
Player|19047|Fábio Alexandre da Silva Coentrão
Player|6799|Brais Méndez Portela
Player|26506|José Manuel Rueda Sampedro
Player|26454|Jesús Capitán Prada
Player|6828|Jaume Vicent Costa Jordá
Player|6344|Luis Carlos Ovalle Victoria
Player|26791|Emir Spahić
Player|40357|Brett Emerton
Player|5003|Emily Sonnett
Player|5527|Thomas Delaney
Player|19757|Anderson Luís de Souza
Player|31128|Solène Durand
Player|6651|Joaquín Sánchez Rodríguez
Player|15584|Iván Helguera Bujía
Player|25694|María José Urrutia
Player|26442|Boško Janković
Player|23948|Carlos Clerc Martínez
Player|19296|Mark van Bommel
Player|5633|Yannick Ferreira Carrasco
Player|40284|Alessandro Pistone
Player|16268|Efraín Juárez Váldez
Player|4320|Neymar da Silva Santos Junior
Player|8293|Marcus Rohdén
Player|27199|Raúl Goni Bayo
Player|26636|Lassad Hassen Nouioui
Player|25680|Natthakarn Chinwong
Player|6855|Guillermo Alfonso Maripán Loaysa
Player|26018|Julien Escudé
Player|26106|Armando Miguel Correia de Sa
Player|5558|Rafael Márquez Álvarez
Player|6795|Rubén Blanco Veiga
Player|5190|Fahad Mosaed Al Muwallad Al Harbi
Player|27092|Abdoul Karim Yoda
Player|27460|Julián Cuesta Díaz
Player|26021|Mahamadou Diarra
Player|5691|Johan Andrés Mojica Palacio
Player|20173|Ji-Sung Park
Player|6716|Sébastien Corchia
Player|27183|Pablo Javier Pérez
Player|23821|Fausto Antonio Tienza Nuñez
Player|10211|Barbara Bonansea
Player|40301|Mikael Forssell
Player|4174|Ragnar Klavan
Player|3109|Malcom Filipe Silva de Oliveira
Player|3313|Giovani Lo Celso
Player|15620|Katie McCabe
Player|21022|Jenna Legg
Player|26031|Andoni Iraola Sagarna
Player|26628|Ayoze García Pérez
Player|26387|Edgar Antonio Méndez Ortega
Player|9558|Fernando Martín Forestieri
Player|3246|Guido Marcelo Carrillo
Player|3023|Yuri Berchiche Izeta
Player|25850|Aivi Belinda Kerstin Luik
Player|10183|Toni Duggan
Player|15621|Louise Quinn
Player|26082|Juan Merino Ruíz
Player|6633|Markel Bergara Larrañaga
Player|18153|Alisha Lehmann
Player|41459|Shaun Thurston Bartlett
Player|6690|Xabier Prieto Argarate
Player|3951|Mario Lemina
Player|11391|Borja Iglesias Quintas
Player|25961|Ramón de Quintana Dalmau
Player|7900|Tiago Manuel Dias Correia
Player|26069|Luis Fernández Gutiérrez
Player|3389|Eliaquim Mangala
Player|6561|Luis Hernández Rodríguez
Player|10393|Kristine Minde
Player|26044|César González Navas
Player|24127|Ramon Olamilekan Azeez
Player|5591|Filip Kostić
Player|18398|Omar Mascarell González
Player|6325|Yo-Han Ko
Player|3501|Philippe Coutinho Correia
Player|5029|Tori Huster
Player|15775|Fabio Cannavaro
Player|26599|Nivaldo Batista Santana
Player|25519|Ode Fulutudilu
Player|11270|Eiður Smári Guðjohnsen
Player|6139|Felipe Abdiel Baloy Ramírez
Player|6901|Nemanja Maksimović
Player|26646|Alejandro Damián Domínguez
Player|40218|Sylvain Distin
Player|26468|Willian Lanes Lanes de Lima
Player|8801|Iván López Mendoza
Player|7814|Anthony Le Tallec
Player|5738|Anderson Santamaría Bardales
Player|6391|Raúl García Escudero
Player|3269|Francisco Femenía Far
Player|25672|Kanjana Sungngoen
Player|3742|Orestis Karnezis
Player|15711|Amber Gaylor
Player|22020|Joaquín Fernández Moreno
Player|19771|Angelos Basinas
Player|8818|Jorge Meré Pérez
Player|5214|William Silva de Carvalho
Player|6943|Andrea Barzagli
Player|26619|Gaizka Toquero Pinedo
Player|26410|Ronald Louis Gaspercic
Player|24193|Jesús María Herrero Gómez
Player|20494|Andreas Ivanschitz
Player|20352|Didier Yves Drogba Tébily
Player|40414|Jérôme Bonnissel
Player|16718|Roland Conde Lamah
Player|27482|Aderllan Leandro de Jesus Santos
Player|6883|Alexander Alegría Moreno
Player|25883|Juan Jesús Gutiérrez Robles
Player|3496|Mesut Özil
Player|5573|Héctor Alfredo Moreno Herrera
Player|6870|José Manuel Jurado Marín
Player|25854|Sylvio Mendes Campos Junior
Player|6717|Johannes Geis
Player|5594|Branislav Ivanović
Player|19293|Javier Aldemar Zanetti
Player|24133|Víctor David Díaz Miguel
Player|10161|Mariona Caldentey Oliver
Player|6837|Mauro Javier Dos Santos
Player|6660|Enric Saborit Teixidor
Player|15036|Edwin van der Sar
Player|40373|Mark Viduka
Player|26607|José Raúl Baena Urdiales
Player|5201|Sergio Ramos García
Player|25889|Pablo Pinillos Caro
Player|6821|Jesús Navas González
Player|24758|Michael Tarnat
Player|40370|Lucas Radebe
Player|6619|Vitorino Gabriel Pacheco Antunes
Player|20169|Seydou Kéita
Player|15512|Sylvain Wiltord
Player|6340|Sławomir Peszko
Player|4964|Ashley Hatch
Player|15601|Miguel Ángel Salgado Fernández
Player|40340|Dejan Stefanovic
Player|18882|Aliaksandr Hleb
Player|17303|Nikola Vukčević
Player|15615|Pauline Peyraud Magnin
Player|5026|Meggie Dougherty Howard
Player|26701|Vadim Demidov
Player|24631|Agustín García Iñiguez
Player|6744|Luciano Vietto
Player|26255|Sergio Matabuena Delgado
Player|11730|Jonathan Cristian Silva
Player|16389|Jessica Wooley
Player|4638|Drew Spence
Player|25616|Gabrielle Onguene
Player|26495|Kalu Uche
Player|25605|Gaelle Enganamouit
Player|15707|Georgia Evans
Player|25601|Deanne Rose
Player|34360|Alexandra MacIver
Player|6998|Rafael Alcântara do Nascimento
Player|25983|Josu Sarriegi Zumárraga
Player|3139|Chidozie Collins Awaziem
Player|8216|Sven Bender
Player|6903|Aleksandar Katai
Player|19287|Júlio César Soares de Espíndola
Player|25628|Ajara Nchout
Player|19295|Philipp Lahm
Player|7154|Sebastián Carlos Cristóforo Pepe
Player|25669|Taneekarn Dangda
Player|35009|Aldo Sebastián Corzo Chávez
Player|5637|Edgar Yoel Bárcenas Herrera
Player|10180|Ellen White
Player|40132|Paul Robinson
Player|3878|Sam Morsy
Player|5074|Shelina Zadorsky
Player|4940|Andi Sullivan
Player|25912|Ricardo López Felipe
Player|22740|Kang-In Lee
Player|11537|Alberto García Cabrera
Player|6326|Rodney Wallace
Player|25860|Enrique Corrales Martín
Player|25996|Cristiano Doni
Player|26026|Miguel Pallardó González
Player|25516|Refiloe Jane
Player|5629|Gabriel Arturo Torres Tejada
Player|25965|Roberto Suárez Álvarez
Player|6336|Rafał Kurzawa
Player|5560|Carlos Alberto Vela Garrido
Player|13360|Quincy Anton Promes
Player|10123|Amandine Henry
Player|25621|Emi Nakajima
Player|7104|Mathías Olivera Miramontes
Player|5665|Arkadiusz Milik
Player|40386|Iván Campo Ramos
Player|15648|Melanie Leupolz
Player|3093|Florian Lejeune
Player|26050|Javier García Portillo
Player|6355|Jonas Knudsen
Player|5576|Jesús Daniel Gallardo Vasconcelos
Player|26039|Antonio Pinilla Miranda
Player|20281|Mario Melchiot
Player|26140|Hugo Benjamín Ibarra
Player|26444|Sergio Martínez Ballesteros
Player|5200|Lucas Vázquez Iglesias
Player|6618|Martín Aguirregabiria Padilla
Player|4063|Ahmed Hegazi
Player|7321|Liassine Cadamuro-Bentaïba
Player|32216|Aïssatou Tounkara
Player|5643|Luis Carlos Tejada Hansell
Player|16387|Ali Johnson
Player|25962|Javier Pedro Saviola Fernández
Player|20153|Claus Jensen
Player|26509|Stéphane Jean François Pignol
Player|3265|José Luis Sanmartín Mato
Player|18164|Antonio Jesús Regal Angulo
Player|5681|Makoto Hasebe
Player|40279|Anthony Gardner
Player|25611|Vanina Noemí Correa
Player|26504|Rosinei Adolfo
Player|5176|Mohanad Aseri Abu Radiah
Player|35195|Nilson Evair Loyola Morales
Player|5090|Ashlyn Harris
Player|3410|Lukas Reiff Lerager
Player|26250|Gerard Autet Serrabasa
Player|10525|Kenny Miller
Player|25485|Shanshan Wang
Player|26121|Ariel Miguel Santiago Ibagaza
Player|6879|Alberto Bueno Calvo
Player|3247|Fábio Henrique Tavares
Player|26172|Hipólito Fernández Serrano
Player|6863|Mauro Wilney Arambarri Rosa
Player|25954|Enzo Maresca
Player|6919|Guilherme Antonio Arana Lopes
Player|5625|Emil Forsberg
Player|25604|Saori Takarada
Player|23792|Daniel Toribio Gutiérrez
Player|8815|Jannik Vestergaard
Player|27201|Víctor Pérez Alonso
Player|33090|Emily Murphy
Player|9082|Przemysław Tytoń
Player|5642|Axel Witsel
Player|3474|Nick Pope
Player|40388|Kevin Cyril Davies
Player|26247|Domingo Nagore Arbizu
Player|6327|Rándall Azofeifa Corrales
Player|5254|Ali Gabr
Player|23804|Jonathan Pereira Rodríguez
Player|12194|Santiago Comesaña Veiga
Player|4629|José Ramiro Funes Mori
Player|5647|Ali Maâloul
Player|11392|Arthur Henrique Ramos de Oliveira Melo
Player|25902|Carles Domingo Pladevall
Player|6886|Dídac Vilá Rosselló
Player|19775|Shannon Albuery
Player|3145|Keita Baldé Diao
Player|7181|McKenzie Meehan
Player|3338|Onyinye Wilfred Ndidi
Player|3292|Abdoulaye Doucouré
Player|10154|Amanda Sampedro Bustos
Player|15569|Kerys Harrop
Player|6358|Emil Krafth
Player|40232|Shola Ameobi
Player|23547|Emma Brownlie
Player|25908|Mark Dennis González Hoffmann
Player|3720|Johann Berg Guðmunds­son
Player|10229|Stina Blackstenius
Player|16380|Katie Rood
Player|6731|Florin Andone
Player|25853|Ludovic Delporte
Player|26484|Antonio Baltasar Doblas Santana
Player|26184|Óscar Sánchez Fuentes
Player|5676|"Cheikh N""Doye"
Player|5171|Roman Zobnin
Player|5617|Sebastian Larsson
Player|6292|Essam Kamal Tawfik El Hadary
Player|15547|Melissa Lawley
Player|6300|Sebastián Coates Nión
Player|17273|Adelina Engman
Player|3602|Faustino Marcos Alberto Rojo
Player|25472|Ugochi Desire Oparanozie
Player|25900|Francisco Peña Romero
Player|24872|Cecilio Nauzet Pérez González
Player|26085|Luis Prieto Zalbidegoitia
Player|6602|Miguel Ángel Guerrero Martín
Player|25549|Tameka Butt
Player|26463|Jônatas Domingos
Player|6671|Asier Illarramendi Andonegi
Player|23967|Alejandro Fernández Iglesias
Player|20444|Damien Duff
Player|5559|Marco Reus
Player|6654|Antonio Adán Garrido
Player|26626|Ricardo León Brito
Player|24275|Miguel Palanca Fernández
Player|22287|Adrià Giner Pedrosa
Player|5093|Tyler Lussi
Player|5834|Mario Gavranović
Player|10476|Timothée Kolodziejczak
Player|15724|Mayumi Pacheco
Player|6702|David Rodríguez Lombán
Player|26643|Sebastián Ricardo Nayar
Player|40123|Robert Huth
Player|15712|Nicola Cousins
Player|26604|Matías Gustavo Alustiza
Player|26210|Christian Riganò
Player|26061|Mario Gutiérrez Cotelo
Player|6728|Federico Nicolás Cartabia
Player|11384|Manuel Morlanes Ariño
Player|6947|Miralem Pjanić
Player|5525|Édison Michael Flores Peralta
Player|26070|Antonio Rodríguez Martínez
Player|5507|Nicolás Alejandro Tagliafico
Player|27193|Isaac Gómez Sánchez
Player|3959|Andreas Christensen
Player|6668|José Luis Morales Nogales
Player|27462|Xabier Iruretagoiena Aranzamendi
Player|6700|Sergio Enrich Ametller
Player|26517|Martín Mauricio Astudillo
Player|6893|Jesús Vallejo Lázaro
Player|5631|Blas Antonio Miguel Pérez Ortega
Player|6622|Tomás Pina Isla
Player|6387|Iñigo Córdoba Kerejeta
Player|26035|Francisco Javier Yeste Navarro
Player|6836|Francisco Javier García Fernández
Player|5715|Ali Albulayhi
Player|3244|John Stones
Player|27236|Patrick Claude Ekeng Ekeng
Player|17725|Francisco José Rodrigues da Costa
Player|6624|Jorge Franco Alviz
Player|27464|José Ángel Alonso Martín
Player|5539|Carlos Henrique Casimiro
Player|20329|David James
Player|15774|Gianluca Zambrotta
Player|5477|Ousmane Dembélé
Player|25945|Manuel Pérez Rodrigo
Player|19988|Jimmy Durmaz
Player|23344|Aitor Fernández Abarisketa
Player|5250|Ahmed Fathy Abdel Meneim Ibrahim
Player|5675|Kalidou Koulibaly
Player|13811|José Emilio Amavisca Gárate
Player|4946|Joanna Lohman
Player|3240|Mathew Ryan
Player|31532|Kirsty Hanson
Player|10325|Luís Miguel Afonso Fernandes
Player|24511|Branko Ilič
Player|26161|Clemente Juan Rodríguez
Player|23290|Sophie Harris
Player|15778|Alessandro Nesta
Player|5021|"Kelley O""Hara"
Player|10174|Fiona Brown
Player|5719|Marco Asensio Willemsen
Player|26108|Eduardo Nascimento Costa
Player|11813|Emiliano Buendía
Player|25848|César Arzo Amposta
Player|6688|José Ángel Gómez Campaña
Player|10088|Katrine Veje
Player|6787|Pedro López Muñoz
Player|5491|Tom Rogić
Player|4973|Diana Matheson
Player|15659|Emile Heskey
Player|5520|Lasse Schöne
Player|6920|Alberto Aquilani
Player|33176|Miguel Gianpierre Araujo Blanco
Player|5604|Young-Gwon Kim
Player|6846|Andreas Hoelgebaum Pereira
Player|26200|Héctor Berenguel del Piño
Player|5725|Mehdi Carcela-González
Player|3568|Mohamed Naser Elsayed Elneny
Player|6734|Luis Carlos Correia Pinto
Player|26601|Justo Wilmar Villar Viveros
Player|19761|Ricardo Alexandre Martins Soares Pereira
Player|21057|DiDi Haracic
Player|5579|Joshua Kimmich
Player|6319|Luka Jović
Player|20341|Mikaël Silvestre
Player|12072|Pere Milla Peña
Player|25882|Edgar Patricio De Carvalho Pacheco
Player|26697|David Fuster Torrijos
Player|5497|Gonzalo Gerardo Higuaín
Player|5838|Fágner Conserva Lemos
Player|6384|Gabriel Fernández Arenas
Player|6873|Francisco Portillo Soler
Player|5572|Mats Hummels
Player|6658|Cristian Tello Herrera
Player|5989|Seon-Min Moon
Player|31550|Angela Addison
Player|3445|Radamel Falcao García Zárate
Player|26246|Salvador Ballesta Vialcho
Player|26016|Roberto Fabián Ayala
Player|3468|Jordan Pickford
Player|25481|Peng Han
Player|6662|Iago Herrerín Buisán
Player|26736|Borja Ekiza Imaz
Player|6843|Esteban Rolón
Player|4654|Nikita Parris
Player|5038|Allysha Chapman
Player|19292|Walter Adrián Samuel Luján
Player|25546|Cheyna Matthews
Player|3495|Joe Gomez
Player|34387|Djimi Traoré
Player|26424|"Sylvain N""Diayé"
Player|26513|Juan Cruz Ochoa López
Player|22032|Hannah Hampton
Player|6630|Jorge Molina Vidal
Player|3472|Willian Borges da Silva
Player|20267|Khalid Boulahrouz
Player|24144|Ángel Montoro Sánchez
Player|10657|Desiree van Lunteren
Player|26067|Oriol Lozano Farrán
Player|6775|Daniel García Carrillo
Player|40377|Hermann Hreidarsson
Player|26453|Juan Alberto Andreu Alvarado
Player|26737|Pablo Cendrós López
Player|15706|Rachel Furness
Player|15249|Amel Majri
Player|5568|Raúl Alonso Jiménez Rodríguez
Player|25676|Silawan Intamee
Player|24162|Xavier Torres Buigues
Player|6676|Igor Zubeldía Elorza
Player|26502|Paulo Assunção da Silva
Player|26606|Vicente Moreno Peris
Player|11501|Darwin Daniel Machís Marcano
Player|5623|Jae-Sung Lee
Player|6725|Zakaria Bakkali
Player|23985|José Antonio Caro Martínez
Player|15562|Lucy Staniforth
Player|40241|Matt Heath
Player|6596|José Luis Gayá Peña
Player|6829|Samuel Castillejo Azuaga
Player|5526|Pedro Jesús Aquino Sánchez
Player|23522|Emerson Aparecido Leite de Souza Junior
Player|25487|Yuping Lin
Player|20019|Thomas Hitzlsperger
Player|5218|André Miguel Valente Silva
Player|40231|Alan Shearer
Player|6832|Rubén Castro Martín
Player|3529|Daniel Andre Sturridge
Player|5495|Rúrik Gíslason
Player|26241|Sergio Boris González Monteagudo
Player|13843|Alice Parisi
Player|19290|Hamit Altıntop
Player|25729|Klara Bühl
Player|40266|Seth Johnson
Player|9631|Ahmed Eissa El Mohamady Abdel Fattah
Player|38552|Joey Barton
Player|3551|Karl Brillant Toko Ekambi
Player|26023|Juan Francisco García García
Player|34385|Claudio Santos
Player|18157|Brianna Visalli
Player|19729|Ruud van Nistelrooy
Player|5097|Carli Lloyd
Player|6741|Ignasi Miquel i Pons
Player|10171|Frankie Brown
Player|5652|Saber Khalifa
Player|5506|Javier Alejandro Mascherano
Player|15513|Thomas Gravesen
Player|17727|Ioan Viorel Ganea
Player|9563|Kristoffer Nordfeldt
Player|16626|Jorge Larena Avellaneda Roig
Player|25254|Diego Tardelli Martins
Player|3531|Mohamed Salah
Player|26049|Ismael Marchal Razquín
Player|26131|Victoriano Rivas Álvaro
Player|26199|Diego Forlán Corazo
Player|25664|Sarah Gregorius
Player|6586|Ignacio Gil de Pareja Vicent
Player|22337|Maya Le Tissier
Player|6786|David Timor Copoví
Player|4712|Samuel Sáiz Alonso
Player|6927|David García Santana
Player|3261|Benjamin Mendy
Player|26073|Gonzalo Colsa Albendea
Player|25518|Amanda Mthandi
Player|25875|Miguel Ángel Lozano Ayala
Player|20163|Dmitriy Alenichev
Player|23929|Francisco Jiménez Tejada
Player|2948|Nabil Fekir
Player|26757|Mohamed Adama Sarr
Player|5463|Luka Modrić
Player|6611|Ángel Luis Rodríguez Díaz
Player|25744|Emily Gielnik
Player|8564|Caroline Casey
Player|25924|José Maria Gutiérrez Hernández
Player|6337|Yoshinori Muto
Player|26743|Ariel Gerardo Nahuelpán Osten
Player|26221|Gustavo Adolfo Munúa Vera
Player|25989|Antoni Lluis Adrover Colom
Player|20326|Kieron Dyer
Player|6924|Alejandro Gálvez Jimena
Player|5587|Adem Ljajić
Player|26002|Javad Nekounam
Player|26239|Juan Carlos
Player|3293|Jesse Lingard
Player|15708|Amy Goddard
Player|6426|Jonathan Matías Urretaviscaya da Luz
Player|3957|César Azpilicueta Tanco
Player|6583|Carlos Soler Barragán
Player|36800|Aurora Watten Mikalsen
Player|7125|Khouma El Hadji Babacar
Player|15718|Olivia Fergusson
Player|25696|Madelen Janogy
Player|7173|Leonardo Bonucci
Player|5072|Danica Evans
Player|3567|Georginio Wijnaldum
Player|27206|Sergio Pelegrín López
Player|3603|Mame Biram Diouf
Player|3594|Danny Rose
Player|21399|Pablo Ínsua Blanco
Player|10649|Lieke Martens
Player|6826|Clément Lenglet
Player|26080|Rafael Barber Rodríguez
Player|4909|Jeremie Boga
Player|8642|Nereo Champagne
Player|40423|Martin Djetou
Player|15516|Thierry Henry
Player|8206|Arturo Erasmo Vidal Pardo
Player|25941|Luciano Gabriel Figueroa Herrera
Player|15421|Kenza Dali
Player|26706|"Steve Franck Songo""o"
Player|5678|Jefferson Andrés Lerma Solís
Player|26686|Jordi Codina Rodríguez
Player|26497|Lucas Matías Licht
Player|40276|Gustavo Augusto Poyet Domínguez
Player|25975|Blagoy Georgiev
Player|3262|Łukasz Fabiański
Player|15619|Bethany Mead
Player|6314|Tim Cahill
Player|40227|Laurent Robert
Player|23815|Casto Espinosa Barriga
Player|6597|Gabriel Appelt Pires
Player|27459|Antonio Marín Molina
Player|27197|Lucas Antonio Wílchez
Player|40229|Darren Ambrose
Player|3647|Alex Iwobi
Player|7141|Giuseppe Rossi
Player|23802|Juan Muñoz Muñoz
Player|26094|Julia Zigiotti-Olme
Player|27656|Carl Medjani
Player|9845|John Welsh
Player|6334|Luis Fernando Muriel Fruto
Player|26698|Nilmar Honorato da Silva
Player|26651|Hernán Darío Bernardello
Player|25980|Néstor Fabián Canobbio Bentaberry
Player|9353|Nicky Hunt
Player|26799|Rafael García García
Player|40257|El-Hadji Ousseynou Diouf
Player|26216|Sebastián Taborda Ramos
Player|25973|Matías Emanuel Lequi
Player|38412|Kolo Habib Touré
Player|40289|Mark Pembridge
Player|6402|Francisco Alcácer García
Player|7621|Hugo Duro Perales
Player|15607|Raúl González Blanco
Player|4628|Diego Armando Valentin Contento
Player|5575|Héctor Miguel Herrera López
Player|26252|Diego Castro Giménez
Player|6578|Francesc Aday Benítez Caraballo
Player|6763|Pablo Daniel Piatti
Player|25872|Valmiro Lópes Rocha
Player|26195|Juan Valera Espín
Player|27205|Christian Alfonso López
Player|24373|Synne Skinnes Hansen
Player|26414|Gustavo Lionel Siviero
Player|3509|Thibaut Courtois
Player|27189|Bryan Martín Rabello Mella
Player|40433|Kevin Phillips
Player|15074|Zinédine Zidane
Player|10802|André Filipe Tavares Gomes
Player|5513|Eduardo Antonio Salvio
Player|5478|Trent Sainsbury
Player|3963|Victor Moses
Player|28285|Martín Nicolás Campaña Delgado
Player|26482|Aquivaldo Mosquera Romaña
Player|16453|Gary Alexis Medel Soto
Player|5528|Pedro David Gallese Quiróz
Player|26625|Telmário de Araújo Sacramento
Player|21859|Ruby Grant
Player|5661|"M""Baye Babacar Niang"
Player|25471|Ngozi Sonia Okobi
Player|6378|Jan Oblak
Player|6656|Mikel Rico Moreno
Player|6921|Matías Aguirregaray Guruceaga
Player|26029|Daniel Aranzubia Aguado
Player|31531|Lauren James
Player|6594|Santiago Mina Lorenzo
Player|6636|Rodrigo Ely
Player|26038|Tobias Grahn
Player|40296|Kenny Cunningham
Player|12191|Gorka Elustondo Urkola
Player|11675|Moisés Gómez Bordonado
Player|25513|Lucía García Córdoba
Player|6898|Jaume Doménech Sánchez
Player|10182|Joanne Love
Player|4959|Taylor Comeau
Player|5016|Jessica Fishlock
Player|40848|Andreas Vasilios Zikos
Player|40310|Michael Oakes
Player|5186|Denis Cheryshev
Player|10252|Alex Greenwood
Player|26144|Francisco Javier Casquero Paredes
Player|27526|Rachid Aït-Atmane
Player|26647|Henok Goitom
Player|25569|Nicola Docherty
Player|5690|Yuto Nagatomo
Player|5089|Ali Krieger
Player|23933|Abdelaziz Barrada
Player|6897|Michael Olunga Ogada
Player|12789|Felipe Alejandro Gutiérrez Leiva
Player|6697|Daniel Ceballos Fernández
Player|5486|Andrew Nabbout
Player|3498|Ignacio Monreal Eraso
Player|23943|Rubén García Santos
Player|15719|Grace Moloney
Player|5723|Gelson Dany Batalha Martins
Player|4751|Michael Carrick
Player|26749|Abraham Paz Cruz
Player|8382|Clare Polkinghorne
Player|8675|Jonathan de Guzmán
Player|5504|Éver Maximiliano David Banega
Player|26188|Alberto Marcos Rey
Player|38557|David Batty
Player|10516|Frida Maanum
Player|25994|David Cortés Caballero
Player|18150|Julia Simic
Player|6841|Víctor Machín Pérez
Player|25913|Álvaro Luiz Maior de Aquino
Player|19735|Milan Baroš
Player|26655|Jirí Jarošík
Player|5534|Simon Thorup Kjær
Player|26674|Edson Ramos de Silva
Player|26047|Ángel Morales Cuerva
Player|36801|Aimee Palmer
Player|6587|Antonio Latorre Grueso
Player|26124|Maximiliano Rubén Rodríguez
Player|26090|Javiera Grez
Player|26212|Cristian Hidalgo González
Player|38558|Steve Watson
Player|10172|Jill Scott
Player|25442|Valérie Gauvin
Player|25544|Valentina Bergamaschi
Player|26494|Hernán Darío Pellerano
Player|40328|Franck Queudrue
Player|11536|Abdoulaye Ba
Player|26076|Daniel Bautista Pina
Player|11670|David Ferreiro Quiroga
Player|5057|Kaleigh Kurtz
Player|25768|Adriana María Sachs
Player|8294|Claudio Marchisio
Player|10158|María Victoria Losada Gómez
Player|31539|Leah Galton
Player|10148|Marta Torrejón Moya
Player|7909|Nicolás Martín Pareja
Player|26425|Juan Ángel Albín Leites
Player|15357|Kadiesha Buchanan
Player|5601|Vladimir Stojković
Player|15717|Hannah Short
Player|26668|Javier Calleja Revilla
Player|25478|Lena Oberdorf
Player|26389|Alfredo Talavera Díaz
Player|6949|Gianluigi Buffon
Player|40239|Jordan Stewart
Player|26483|Tom De Mul
Player|23806|Alejandro Bergantiños García
Player|6935|Adrián Marín Gómez
Player|26766|Fabián Andrés Vargas Rivera
Player|20180|Marcus Allbäck
Player|5632|Thorgan Hazard
Player|15560|Ann-Katrin Berger
Player|6599|Rubén Salvador Pérez Del Mármol
Player|6570|Alejandro Granell Nogué
Player|8217|Kingsley Coman
Player|5620|Hee-Chan Hwang
Player|11094|Arda Turan
Player|19501|Hayley Ladd
Player|5510|Lucas Rodrigo Biglia
Player|40387|Henrik Pedersen
Player|27250|Nabil Ghilas
Player|4991|Brittany Ratcliffe
Player|27463|Mauricio Andrés Cuero Castillo
Player|5501|Hörður Björgvin Magnússon
Player|5657|Mohamed Amine Ben Amor
Player|25444|Mi-Na Lee
Player|5048|Katelyn Rowland
Player|16382|Heather Payne
Player|11744|Peru Nolaskoain Esnal
Player|25636|Aya Sameshima
Player|6394|Aritz Aduriz Zubeldia
Player|26236|Gorka Brit Gallego
Player|5839|Yeltsin Ignacio Tejeda Valverde
Player|8652|Jasper Cillessen
Player|6861|Juan Torres Ruiz
Player|26614|David Prieto Gálvez
Player|23950|David García Zubiría
Player|27204|Alejandro Felip Selma
Player|11540|Óscar Guido Trejo
Player|20286|Scott Parker
Player|26652|Adrián Colunga Pérez
Player|40316|Rohan Ricketts
Player|40255|Jérémie Aliadière
Player|5476|Benjamin Pavard
Player|3252|Oussama Haddadi
Player|4325|Thiago Motta
Player|4269|Aleksandar Mitrović
Player|24173|Carlos Castro García
Player|15293|Cristiane Rozeira de Souza Silva
Player|5521|Luis Jan Piers Advíncula Castrillón
Player|10179|Lisa Evans
Player|13730|Matthieu Saunier
Player|19346|Darko Kovačević
Player|26512|Álvaro Mejía Pérez
Player|25410|"Andrés Nicolás D""Alessandro"
Player|26589|Nélson Augusto Tomar Marcos
Player|6564|Pablo Maffeo Becerra
Player|26764|Jon Ansotegi Gorostola
Player|6377|Ángel Martín Correa
Player|5532|Alberto Junior Rodríguez Valdelomar
Player|6727|Raúl Albentosa Redal
Player|17274|Poppy Pattinson
Player|15637|"Sulzeer Jeremiah ""Sol"" Campbell"
Player|10230|Linda Brigitta Sembrant
Player|26598|Antonio Moral Segura
Player|26677|Álvaro Domínguez Soto
Player|41006|Ross Turnbull
Player|6904|Sergio Sánchez Ortega
Player|25144|Diego Alves Carreira
Player|15403|Gareth Southgate
Player|10188|Caroline Weir
Player|5739|Vedran Ćorluka
Player|3371|Mario Barwuah Balotelli
Player|6808|Alexander Mesa Travieso
Player|26426|Luis Manuel Rubiales Béjar
Player|25486|Shanshan Liu
Player|10384|Elise Thorsnes
Player|18160|Iván Márquez Álvarez
Player|19431|Fernando Damián Tissone
Player|6335|Lamine Gassama
Player|11291|Laureano Antonio Villa Suárez
Player|15710|Megan Alexander
Player|25748|Mamello Makhabane
Player|40970|Cristian Brocchi
Player|40282|Gary Naysmith
Player|23838|Pablo Pérez Rodríguez
Player|6663|Antonio Barragán Fernández
Player|26105|Iván De la Peña López
Player|31703|Anna Filbey
Player|26079|Javier López Vallejo
Player|26521|Juan Quero Barraso
Player|11669|Gonzalo Julián Melero Manzanares
Player|40870|Stuart Taylor
Player|26788|Jon Aurtenetxe Borde
Player|20135|Marcos Antonio Senna da Silva
Player|25812|Pitsamai Sornsai
Player|5696|Santiago Arias Naranjo
Player|25661|Erin Nayler
Player|16392|Felicity Gibbons
Player|25926|Roberto Carlos da Silva
Player|5236|Karim El Ahmadi Al Aroos
Player|26397|Renan Brito Soares
Player|10477|Stefan Mitrović
Player|26733|Yves Hadley Desmarets
Player|26040|Aníbal Samuel Matellán
Player|24617|Eduard Campabadal Claros
Player|13881|Eva Sofia Jakobsson
Player|6584|Simone Zaza
Player|10665|Mimmi Larsson
Player|7464|Cristian Daniel Ansaldi
Player|25634|Aldana Cometti
Player|5204|Bruno Miguel Borges Fernandes
Player|15553|Karen Julia Carney
Player|26015|Renato Dirnei Florencio
Player|5485|Raphaël Varane
Player|11293|Fernando Calero Villa
Player|41458|Simon Royce
Player|6348|Ahmed Khalil
Player|26807|Marc Bertrán Vilanova
Player|19454|Ricardo Miguel Moreira da Costa
Player|21021|Molly Bartrip
Player|3336|Harry Maguire
Player|26775|Thievy Guivane Bifouma Koulossa
Player|36799|Kiera Skeels
Player|15726|Lauren Bruton
Player|40222|Laureano Bisan-Etame Mayer
Player|5556|Miguel Arturo Layún Prado
Player|25951|Mário Fernando Magalhães da Silva
Player|26224|Hélder Miguel Do Rosario Data
Player|25816|Tierna Davidson
Player|6748|Ferrán Torres García
Player|33009|Lily Simkin
Player|26256|Igor Lichnovsky Osorio
Player|26496|Daniel Alberto Díaz
Player|6351|Cristhian Ricardo Stuani Curbelo
Player|26391|Luis Javier García Sanz
Player|3810|Shinji Okazaki
Player|27248|José María López de Silva Sánchez
Player|26011|Miguel Ángel Angulo Valderrey
Player|26702|Ignacio Javier Gómez Novo
Player|6631|Mathieu Flamini
Player|4636|Maria Thorisdottir
Player|20045|Ryan Bertrand
Player|5667|Kamil Grosicki
Player|26009|Roberto Soldado Rillo
Player|15173|Steffen Freund
Player|26107|Alberto Lopo García
Player|25868|Fernando Sanz Durán
Player|26429|Javier Paredes Arango
Player|40393|"Bruno N""Gotty"
Player|25968|Francisco Javier García Guerrero
Player|31558|Martha Thomas
Player|18999|Leah Williamson
Player|40317|Dean Richards
Player|6929|José Vicente Gómez Umpiérrez
Player|38464|Brad Friedel
Player|6357|Jonathan dos Santos Ramírez
Player|25931|Gonzalo Javier Rodríguez
Player|24704|Alberto Martín Romo García Adámez
Player|19760|Nuno Ricardo de Oliveira Ribeiro
Player|6701|Joan Jordán Moreno
Player|8060|Klaas-Jan Huntelaar
Player|5833|Nemanja Radonjić
Player|26745|Sendoa Aguirre Basterretxea
Player|4979|Katrina Gorry
Player|39847|Dominic Matteo
Player|19776|Monique Fischer
Player|10169|Leanne Crichton
Player|6299|Aleksey Miranchuk
Player|7022|Jesús Joaquín Fernández Sáez de la Torre
Player|26257|Dorlan Mauricio Pabón Ríos
Player|4660|Erin Cuthbert
Player|6865|Francisco José Molinero Calderón
Player|5205|Rui Pedro dos Santos Patrício
Player|19896|Rosie Kmita
Player|26053|Ángel Manuel Vivar Dorado
Player|26004|Carlos Javier Cuéllar Jiménez
Player|25925|Gabriel Francisco García de la Torre
Player|11348|Robbie Keane
Player|24881|Asisat Lamina Oshoala
Player|10366|Sara Gama
Player|6581|Jonathan Rodríguez Menéndez
Player|25641|Soledad Jaimes
Player|4962|Caprice Dydasco
Player|6332|Thomas Vermaelen
Player|26207|Fabricio Coloccini
Player|40327|Szilárd Németh
Player|6928|Pedro Taunausú Domínguez Placeres
Player|6038|John Guidetti
Player|25631|Jeannette Yango
Player|25911|Óscar Javier González Marcos
Player|20145|Thomas Løvendahl Sørensen
Player|26723|Álvaro Cejudo Carmona
Player|6819|Adrianna Franch
Player|27239|Aleksandar Pantić
Player|3175|Eiji Kawashima
Player|7701|Franco Zuculini
Player|26223|Marco Antonio Simoes Caneira
Player|26008|George Lucas Coser
Player|6635|Leandro Daniel Cabrera Sasía
Player|6669|David Zurutuza Veillet
Player|25630|Claudine Falonne Meffometou Tcheno
Player|20073|Ebi Smolarek
Player|6714|Paulo Henrique Chagas de Lima
Player|5523|Renato Fabrizio Tapia Cortijo
Player|15590|Ole Gunnar Solskjær
Player|26692|Henrique Sereno Fonseca
Player|10261|Sara Doorsoun-Khajeh
Player|5630|Dries Mertens
Player|40313|Colin Cameron
Player|26157|Chinwendu Ihezuo
Player|26030|Ander Murillo García
Player|8941|Nils Petersen
Player|3308|Kieran Trippier
Player|40281|David Unsworth
Player|20062|Juan José Narváez Solarte
Player|20175|Ryan Giggs
Player|6771|Manuel Trigueros Muñoz
Player|10153|Silvia Meseguer Bellido
Player|20295|Andriy Shevchenko
Player|25887|José Alejandro Suárez Martín
Player|22798|So-Hyun Cho
Player|40847|Shabani Christophe Nonda
Player|16456|Enzo Pablo Roco Roco
Player|2995|Ángel Fabián Di María Hernández
Player|40842|Gaël Givet-Viaros
Player|25512|Busisiwe Ndimeni
Player|11543|José Antonio Dorado Ramírez
Player|34694|Èric Montes Arce
Player|25993|Yoshito Ōkubo
Player|21230|Elise Hughes
Player|40400|Olivier Tébily
Player|5627|Ja-Cheol Koo
Player|6923|Joaquín Navarro Jiménez
Player|5035|Haley Hanson
Player|5189|Abdullah Ibrahim Al Maiouf
Player|3497|Vicente Iborra De La Fuente
Player|6323|Young-Sun Yun
Player|25805|Jorge García Torre
Player|6655|Fabián Ruiz Peña
Player|24070|Saúl Berjón Pérez
Player|24729|Xavier Quintillà Guasch
Player|40242|Marcus Bent
Player|20177|Eric-Sylvain Bilal Abidal
Player|7146|Goran Pandev
Player|3082|Harry Winks
Player|6833|Martín Maximiliano Mantovani
Player|40225|"Andy O""Brien"
Player|10805|Ricardo Alberto Silveira de Carvalho
Player|26019|Émerson Ferreira da Rosa
Player|25469|Halimatu Ibrahim Ayinde
Player|2954|Youri Tielemans
Player|40294|Bryan Hughes
Player|26417|Lionel Sebastián Scaloni
Player|25610|Mana Iwabuchi
Player|6796|Nemanja Radoja
Player|5588|Antonio Rukavina
Player|15272|Markus Babbel
Player|25462|Chidinma Nkeruka Okeke
Player|20302|Gaël Clichy
Player|6559|Juan Carlos Pérez López
Player|15284|Aitana Bonmati Conca
Player|7105|Fabián Ariel Orellana Valenzuela
Player|26215|Francisco Pavón Barahona
Player|20603|"Stéphane M""Bia Etoundi"
Player|3168|João Filipe Iria Santos Moutinho
Player|40845|Pedro Miguel da Silva Mendes
Player|26613|Maxwell Scherrer Cabelino Andrade
Player|6191|Takashi Usami
Player|6783|Samuel García Sánchez
Player|6874|Ermedin Demirović
Player|5187|Salem Mohammed Al Dawsari
Player|26128|Jorge Gonzalez Diaz
Player|26449|Mikel Aranburu Eizagirre
Player|26548|Fernando Vega Torres
Player|26712|Ricardo Izecson dos Santos Leite
Player|5481|Mathew Leckie
Player|4976|Lo’eau LaBonta
Player|15654|Martin Keown
Player|26147|Ayoze Díaz Díaz
Player|3333|David de Gea Quintana
Player|15805|Hernán Daniel Santana Trujillo
Player|5531|Jefferson Agustín Farfán Guadalupe
Player|23412|Abigail Harrison
Player|26670|Nabil Baha
Player|6715|Guido Hernán Pizarro
Player|10755|Jonathan Viera Ramos
Player|15564|Lucy Quinn
Player|15563|Charlie Wellings
Player|20665|Kevin Großkreutz
Player|40285|Alan Stubbs
Player|5673|Bartosz Bereszyński
Player|25988|João Fernando Nelo
Player|5487|Antoine Griezmann
Player|25477|Duan Song
Player|5518|Miguel Ángel Trauco Saavedra
Player|6571|Roberto Jiménez Gago
Player|5494|Robbie Kruse
Player|26637|Cristian Portilla Rodríguez
Player|5720|Milad Mohammadi
Player|23492|Stiven Ricardo Plaza Castillo
Player|3500|Granit Xhaka
Player|5470|Ivan Rakitić
Player|5638|Fidel Escobar Mendieta
Player|26715|Maurizio Lanzaro
Player|6608|Nabil El Zhar
Player|6798|Stanislav Lobotka
Player|27343|Jon Errasti Zabalete
Player|26102|Ferrán Corominas Telechea
Player|5644|Ismael Díaz De León
Player|40304|Lee Naylor
Player|31628|Kristine Leine
Player|15042|Dennis Bergkamp
Player|17276|Seydou Doumbia
Player|5551|João Miranda de Souza Filho
Player|3314|Phil Jones
Player|5062|Dani Weatherholt
Player|34394|Hernán Jorge Crespo
Player|25969|Sergio Fernández González
Player|19331|Savo Milošević
Player|5043|Nichelle Prince
Player|10099|Tessa Wullaert
Player|26003|Gustavo Adrián López Pablo
Player|10117|Sakina Karchaoui
Player|10958|Chris Smalling
Player|21854|Jade Bailey
Player|6401|Kevin Gameiro
Player|26669|Weligton Róbson Pena de Oliveira
Player|26074|Nikola Žigić
Player|25938|Juan Pablo Sorín
Player|23413|Megan Connolly
Player|16531|Dominik Livaković
Player|27143|Obafemi Akinwunmi Martins
Player|32175|Jenna Fife
Player|5716|Hussain Al Mogahwi
Player|27203|Markus Steinhöfer
Player|40379|Matt Holland
Player|27558|Elderson Uwa Echiejile
Player|16539|Diego Antonio Reyes Rosales
Player|6354|Aleksandr Erokhin
Player|25543|Geyse da Silva Ferreira
Player|10271|Griedge Mbock Bathy Nka
Player|26437|Albert Crusat Domene
Player|40325|Ugo Ehiogu
Player|4646|Claire Emslie
Player|6316|Oribe Peralta Morones
Player|7005|João Pedro Cavaco Cancelo
Player|6609|Denis Suárez Fernández
Player|20171|Rio Ferdinand
Player|25448|Do-Yeon Kim
Player|26242|Román Fernando Martínez
Player|40311|Alex Rae
Player|22811|Héctor Yuste Cantón
Player|40406|Andrew Davies
Player|5191|Mohammed Al Burayk
Player|40263|Zoumana Camara
Player|40364|Roy Carroll
Player|26136|Mauricio Roberto Pochettino Trossero
Player|6789|Mikel Balenziaga Oruesagasti
Player|7063|Jefferson Antonio Montero Vite
Player|10852|Miguel Filipe Nunes Cardoso
Player|17622|Jackson Arley Martínez Valencia
Player|20070|Luís Miguel Brito Garcia Monteiro
Player|6670|Andoni Gorosabel Espinosa
Player|7030|Raúl Albiol Tortajada
Player|25981|Santiago Carpintero Fernández
Player|20254|Claude Makélélé
Player|3494|Davinson Sánchez Mina
Player|25997|Jonás Manuel Gutiérrez
Player|26088|Jesús María Lacruz Gómez
Player|6360|Cristian Eduardo Zapata Valencia
Player|5256|Cristian Gabriel Rodríguez Barrotti
Player|5183|Yasir Gharsan Al Shahrani
Player|7904|Javi Castellano Betancor
Player|24149|José Antonio García Rabasco
Player|4977|Jennifer Hoy
Player|26650|Guilherme Oliveira Santos
Player|5033|Yuri Kawamura
Player|25835|Eun-Mi Lee
Player|6781|Raúl Fernández-Cavada Mateos
Player|40288|Joseph Phillip Yobo
Player|6681|José Manuel Rodríguez Benito
Player|6195|Jacek Góralski
Player|7216|Zakarya Bergdich
Player|26214|Julián de Guzmán
Player|26485|Daniel Martín Alexandre
Player|26672|Martí Crespí Pascual
Player|32590|Matilde Mota Veiga Santiago Fidalgo
Player|15715|Ellie Mason
Player|25640|María Florencia Bonsegundo
Player|27335|Arthur Etienne Boka
Player|15872|Érick Gabriel Gutiérrez Galaviz
Player|6706|Francisco Casilla Cortés
Player|17312|Rita Chikwelu
Player|27338|Lorenzo Enrique Reyes Vicencio
Player|40844|Edouard Cissé
Player|27202|Guillermo Sara
Player|15893|Víctor Rodríguez Romero
Player|27110|Antonio Floro Flores
Player|26481|Sébastien Squillaci
Player|16478|Miguel Marcos Madera
Player|23991|Miguel Ángel De las Cuevas Barberá
Player|6298|Igor Smolnikov
Player|6940|Kwadwo Asamoah
Player|6685|Mikel Oyarzabal Ugarte
Player|8440|Aythami Artiles Oliva
Player|34390|Jerzy Dudek
Player|25540|Daiane Limeira Santos Silva
Player|25857|Francisco Esteban Granados
Player|26024|Pablo César Aimar Giordano
Player|5203|Sergio Busquets i Burgos
Player|26605|Ben Sahar
Player|20182|Vladimir Manchev
Player|34882|Rebecca May
Player|25934|Juan Román Riquelme
Player|25445|Chae-Rim Kang
Player|3245|Thomas Lemar
Player|40252|Massimo Maccarone
Player|6329|Ian Rey Smith Quiros
Player|15567|Paige Williams
Player|26045|David Cuéllar Tainta
Player|40320|Carl Cort
Player|9748|Antonio Sivera Salvá
Player|5685|Carlos Alberto Sánchez Moreno
Player|5529|Víctor Yoshimar Yotún Flores
Player|6825|Daniel Filipe Martins Carriço
Player|3944|Gylfi Þór Sigurðsson
Player|26761|Paulo César Da Silva Barrios
Player|38404|Paul Konchesky
Player|10196|Kirsty Smith
Player|24882|Laura Benkarth
Player|26025|Jorge López Montaña
Player|10170|Karen Bardsley
Player|6827|Daniele Bonera
Player|3537|Jack Butland
Player|4658|Keira Walsh
Player|6193|Andrés Mateus Uribe Villa
Player|3672|Zlatan Ibrahimović
Player|5616|Seung-Woo Lee
Player|10258|Linda Dallmann
Player|10754|Héctor Hernández Ortega
Player|26083|Florent Sinama-Pongolle
Player|6881|Christian Robert Santos Kwasniewski
Player|20197|Daniel Munthe Agger
Player|8167|Sergio Ezequiel Araújo
Player|10488|Jon Miquel Toral Harper
Player|15962|Marko Marin
Player|11388|Néstor Alejandro Araújo Razo
Player|6708|Paulo André Rodrigues de Oliveira
Player|26110|Daniel Jarque Gonzalez
Player|25468|Ngozi Ebere
Player|40290|Robbie Savage
Player|26695|Marc Valiente Hernández
Player|5036|Darian Jenkins
Player|16567|Markus Rosenberg
Player|26522|Carlos Reina Aranda
Player|26145|Francisco Borja Enrique Ayesa
Player|31564|Molly Pike
Player|25773|Olufolasade Adamolekun
Player|40293|Damien Johnson
Player|26416|Alessio Tacchinardi
Player|26786|Mario Fernández Cuesta
Player|5094|Ifeoma Onumonu
Player|9542|Tiago Abiola Delfim Almeida Ilori
Player|25545|Allyson Swaby
Player|15287|Patricia Guijarro Gutiérrez
Player|25470|Osinachi Marvis Ohale
Player|6784|Antonio García Aranda
Player|19422|Jessica Carter
Player|19731|Tomáš Ujfaluši
Player|20014|Christoph Metzelder
Player|25673|Suchawadee Nildhamrong
Player|4985|Christina Gibbons
Player|40274|Kasey Keller
Player|23561|Vasyl Kravets
Player|13599|Carles Aleña Castillo
Player|25520|Lebogang Ramalepe
Player|23343|Lei Wu
Player|6397|Unai Núñez Gestoso
Player|6345|Rami Bedoui
Player|26423|Valentín Sergio Pachón Mosquero
Player|40843|Julien Rodriguez
Player|5073|Kiersten Dallstream
Player|24783|Javier Márquez Moreno
Player|15704|Lily Woodham
Player|5496|Cristian David Pavón
Player|4826|Yohan Benalouane
Player|4990|Taylor Lytle
Player|13456|Daniel João Santos Candeias
Player|40846|Benni McCarthy
Player|6751|Javier Fuego Martínez
Player|25716|So-Dam Lee
Player|6582|Cristian Portugués Manzanera
Player|25550|Sydney Schneider
Player|31530|Vita van der Linden
Player|6945|Alex Sandro Lobo Silva
Player|26693|Javier Baraja Vegas
Player|9585|Stewart Downing
Player|26632|Juan Luis Hens Lorite
Player|3843|Angelo Obinze Ogbonna
Player|3042|Mikel Merino Zazón
Player|4846|Lucia Leon
Player|25453|Geum-Min Lee
Player|5545|Breel-Donald Embolo
Player|6914|Roberto Román Triguero
Player|3921|Ryan Williams
Player|5082|Marta Vieira da Silva
Player|26006|Javier Flaño Bezunartea
Player|4367|Gonçalo Manuel Ganchinho Guedes
Player|26005|José Manuel Pinto Colorado
Player|6598|Unai Bustinza Martínez
Player|19767|Giorgios Seitaridis
Player|6997|Borja Valero Iglesias
Player|4998|Rumi Utsugi
Player|31528|Matilde Lundorf Skovsen
Player|40342|Jason Roberts
Player|4447|Martin Braithwaite Christensen
Player|5552|Marcelo Vieira da Silva Júnior
Player|25538|Jody Brown
Player|24143|Álvaro Vadillo Cifuentes
Player|20125|Carles Puyol i Saforcada
Player|5056|Jane Campbell
Player|8218|Arjen Robben
Player|17730|Cosmin Marius Contra
Player|20215|Álvaro Arbeloa Coca
Player|5221|Manuel Marouan da Costa Trinidade
Player|40850|Carlos Alberto Gomes de Jesus
Player|27184|Marcos Alberto Angeleri
Player|25693|Karen Araya
Player|3579|Roberto Maximiliano Pereyra
Player|26443|Íñigo Díaz de Cerio Conejero
Player|6867|Papa Kouly Diop
Player|6679|Aritz Elustondo Irribaria
Player|25484|Yao Wei
Player|3322|Jonas Lössl
Player|5007|Megan Oyster
Player|24578|Francisco Montañés Claverías
Player|26254|Manuel Jesús Ortiz Toribio
Player|5492|Samuel Yves Umtiti
Player|40271|Neil Sullivan
Player|8099|Hernán Darío Toledo
Player|10418|Eve Perisset
Player|25637|Yuika Sugasawa
Player|7040|Marko Rog
Player|40268|René Salomon Olembé-Olembé
Player|34386|John Arne Semundseth Riise
Player|10654|Jackie Groenen
Player|26684|Derek Owusu Boateng
Player|18144|Rebecca Jane
Player|4407|Sanjin Prcić
Player|20402|Boris Živković
Player|40243|Frank Mohammed Sinclair
Player|24841|Ricard Puig Martí
Player|6854|Ramiro Guerra Pereyra
Player|5042|Frannie Crouse
Player|24069|Ibrahima Baldé
Player|25553|Trudi Sudan Carter
Player|4724|Glen Johnson
Player|5580|Duško Tošić
Player|11542|Javier Guerra Rodríguez
Player|25864|Mohamed El Yaagoubi
Player|5684|Shinji Kagawa
Player|7062|Adrián Diéguez Grande
Player|26232|Ibán Javier Cuadrado Alonso
Player|3872|Johnnie Jackson
Player|21445|Javier Espinosa González
Player|15257|Saki Kumagai
Player|10376|Carolin Simon
Player|24799|Gary Speed
Player|5461|Šime Vrsaljko
Player|27056|Ignacio Insa Bohigues
Player|23916|Luis García Fernández
Player|26119|Leonardo Neoren Franco
Player|25899|Gaspar Gálvez Burgos
Player|7028|José Manuel Reina Páez
Player|40269|Lamine Sakho
Player|19669|Osvaldo Nicolás Fabián Gaitán
Player|26615|Francisco Jesús Pérez Malia
Player|20137|Nélson Miguel Castro Oliveira
Player|10208|Elena Linari
Player|26103|Idriss Carlos Kameni
Player|3508|Sandro Ramírez Castillo
Player|19780|Rachel Rowe
Player|3052|Pablo Javier Zabaleta Girod
Player|5055|Lynn Williams
Player|23721|Wataru Endo
Player|20189|Tobias Linderoth
Player|10222|Jonna Andersson
Player|20005|Toby Alderweireld
Player|26068|Rubén González Rocha
Player|6713|Diego Javier Llorente Ríos
Player|5544|Ricardo Iván Rodríguez Araya
Player|20669|Tiago Cardoso Mendes
Player|6776|David Juncà Reñé
Player|26237|Andreu Guerao Mayoral
Player|26086|Pablo Orbaiz Lesaka
Player|17729|Cristian Eugen Chivu
Player|26603|Óscar Sielva Moreno
Player|25936|Mario Sebastián Viera Galain
Player|25541|Valentina Giacinti
Player|25977|Alejandro Castro Fernández
Player|5170|Mário Figueira Fernandes
Player|40425|Collins John
Player|26149|Stephane Dalmat
Player|26450|Robert de Pinho de Souza
Player|25743|Luana Bertolucci Paixão
Player|6557|Adrián González Morales
Player|27401|Bernard Mensah
Player|25970|Rubén Navarro Méndez
Player|6925|Jairo Samperio Bustara
Player|26731|Patrick Jan Mtiliga
Player|26699|Emmanuel Adebayor
Player|7910|Lorenzo Jesús Morón García
Player|7797|Rodrigo Javier de Paul
Player|6877|Yeray Álvarez López
Player|6875|Alexander Szymanowski
Player|26796|Pablo Edson Barrera Acosta
Player|13107|Sergio Álvarez Díaz
Player|25145|Diego Ribas da Cunha
Player|5502|Ari Freyr Skúlason
Player|10190|Jade Moore
Player|5177|Aleksandr Golovin
Player|15702|Leah Burridge
Player|5030|Becky Sauerbrunn
Player|6740|Gonzalo Castro Irizábal
Player|10272|Onema Grace Geyoro
Player|7577|Carles Planas Antolínez
Player|27457|Manuel Fernández Muñíz
Player|5624|Albin Ekdal
Player|4647|So-yun Ji
Player|40352|Barry Ferguson
Player|6809|Erick Cathriel Cabaco Almada
Player|33004|Wiktoria Kiszkis
Player|5222|Roozbeh Cheshmi
Player|15565|Marisa Ewers
Player|40341|Tim Sherwood
Player|26631|Ezequiel Luna
Player|18152|Kirstyn Pearce
Player|5006|Beverly Yanez
Player|9403|Izet Hajrović
Player|4968|Madison Tiernan
Player|40283|Nick Chadwick
Player|20488|Ledley King
Player|4858|Jenna Schillaci
Player|15574|Georgia Brougham
Player|5726|Khalid Boutaïb
Player|6567|Borja García Freire
Player|5562|Thomas Müller
Player|24068|José Luis Moreno Barroso
Player|26462|Gerardo García León
Player|5008|Kristen McNabb
Player|25509|Leandra Smeda
Player|5185|Taisir Jabir Al Jassim
Player|25535|Tiffany Cameron
Player|27243|Oriol Riera Magem
Player|16309|Joel Robles Blázquez
Player|6352|Ricardo Domingos Barbosa Pereira
Player|40265|José Vitor Roque Júnior
Player|24976|Abel Ruiz Ortega
Player|20336|Dado Prso
Player|4944|Estefanía Romina Banini Ruiz
Player|3444|Danijel Subašić
Player|5722|Saeid Ezatolahi Afagh
Player|26713|Saïd Boutahar
Player|12192|Álvaro García Rivera
Player|18103|Dietmar Hamann
Player|3037|Moussa Sidi Yaya Dembélé
Player|8404|Eugen Polanski
Player|24686|Roberto Canella Suárez
Player|40390|Simon Charlton
Player|10215|Fridolina Rolfö
Player|25717|Mi-Ra Moon
Player|27153|Javier Ignacio Aquino Carmona
Player|3457|Michy Batshuayi Tunga
Player|25625|Linda Ruth Bravo
Player|5238|Masoud Shojaei Soleimani
Player|6625|Vicente Guaita Panadero
Player|15667|Jorge Paulo Costa Almeida
Player|26228|Juan Pablo Colinas Ferreras
Player|6665|Íñigo Martínez Berridi
Player|3253|Adil Rami
Player|25747|Bambanani Nolufefe Mbane
Player|4633|Magdalena Ericsson
Player|26432|Miguel Ángel García Pérez Roldán
Player|26062|Rubén Martín Pulido
Player|25777|Geneviève Ngo Mbeleck
Player|27198|Andrés José Túñez Arceo
Player|27119|Alex Sandro Mendonça Dos Santos
Player|21556|Connie Scofield
Player|15073|Youri Djorkaeff
Player|26249|Fernando Miguel Fernández Escribano
Player|25684|Rocio Andrea Soto Collao
Player|25623|Yvonne Patrice Leuko
Player|24040|Cristian Darío Álvarez
Player|26075|José Manuel González Ortiz
Player|26756|Julián Luque Conde
Player|15608|Ismael Urzáiz Aranda
Player|5083|Merritt Mathias
Player|19416|Laura Coombs
Player|40378|Dean Kiely
Player|5213|Gerard Piqué Bernabéu
Player|5224|Sardar Azmoun
Player|15705|Emily Donovan
Player|16558|Alejandro Pozuelo Melero
Player|40215|Jihai Sun
Player|26093|Nathalie Björn
Player|25896|Damià Abella Pérez
Player|12296|Michael Rensing
Player|10359|Ilaria Mauro
Player|19286|Miroslav Klose
Player|6343|Harold Oshkaly Cummings Segura
Player|20101|Nihat Kahveci
Player|40381|Chris Perry
Player|20124|Vicente Rodríguez Guillén
Player|17797|Giovanni van Bronckhorst
Player|3281|Aaron Mooy
Player|23825|Fidel Chaves de la Torre
Player|6601|Raúl García Carnero
Player|7964|Karol Linetty
Player|19417|Amy Rodgers
Player|5553|Renato Soares de Oliveira Augusto
Player|5479|Aziz Eraltay Behich
Player|19289|Ivica Olić
Player|26794|Javier Magro Matilla
Player|27311|Valdet Rama
Player|5255|Matías Vecino Falero
Player|11012|Jonny Evans
Player|19777|Niamh Fahey
Player|26056|David García Cubillo
Player|26096|Alexandra Takounda Engolo
Player|6574|Douglas Luiz Soares de Paulo
Player|26243|Iván Daniel Alonso Vallejo
Player|40337|Yakubu Aiyegbeni
Player|25770|Lisa Boattin
Player|5076|Emily van Egmond
Player|26516|Walter Gerardo Pandiani Urquiza
Player|20287|John Terry
Player|25490|Rui Zhang
Player|16379|Jodie Brett
Player|4949|Rose Lavelle
Player|5595|Johan Alberto Venegas Ulloa
Player|26163|Marc Torrejón Moya
Player|5175|Ilya Kutepov
Player|13479|Isabell Herlovsen
Player|20085|David Odonkor
Player|6732|Lucas Pérez Martínez
Player|4659|Ramona Bachmann
Player|32617|Megan Wynne
Player|26115|Luis Carlos Cuartero Lafarga
Player|26611|Emiliano Daniel Armenteros
Player|15571|Danielle Turner
Player|26642|Mogammat Nasief Morris
Player|20132|Daniel González Güiza
Player|25511|Jermaine Seoposenwe
Player|26732|Knut Olav Rindarøy
Player|26441|Daniel Estrada Agirrezablaga
Player|3502|Joël Andre Job Matip
Player|38522|Dietmar Hamann
Player|5023|Mallory Pugh
Player|6896|Marlos Moreno Durán
Player|4649|Esme Beth Morgan
Player|5742|Gabriel Iván Mercado
Player|6753|Daniel Raba Antolí
Player|25982|Antonio Núñez Tena
Player|31563|Rachel Williams
Player|6735|Adrián López Álvarez
Player|11297|Javier Moyano Lujano
Player|25447|Sel-Gi Jang
Player|26690|Alberto Mateus Contreiras Gonçalves
Player|18149|Remi Allen
Player|3664|Trent Alexander-Arnold
Player|26781|Diego Mainz García
Player|5100|Alyssa Naeher
Player|23994|Alejandro Menéndez Díez
Player|23995|Jaime Romero Gómez
Player|6399|Gareth Frank Bale
Player|26523|Dimas Delgado Morgado
Player|16388|Ella Rutherford
Player|27181|Pedro Andrés Morales Flores
Player|4948|Rosie White
Player|3186|Julian Draxler
Player|6759|Roberto Soriano
Player|5546|Michael Lang
Player|4957|Lauren Kaskie
Player|25657|Paige Satchell
Player|22041|Marko Livaja
Player|19577|Pedro Manuel Munitis Álvarez
Player|11745|Michael Nicolás Santos Rosadilla
Player|23364|Sílvio Manuel Azevedo Ferreira Sá Pereira
Player|24580|Jaime Gavilán Martínez
Player|3279|José Heriberto Izquierdo Mena
Player|7907|Pedro Bigas Rigo
Player|25430|Felipe Melo de Carvalho
Player|5687|Takashi Inui
Player|31527|Ebony Salmon
Player|26505|Ricardo Pérez de Zabalza Goytre
Player|5217|Iago Aspas Juncal
Player|26801|Jordi Figueras Montel
Player|23970|José María Martín-Bejarano Serrano
Player|10213|Alia Guagni
Player|26192|Matías Ariel Fernández Fernández
Player|20321|Fabio Celestini
Player|26490|Mohamed Gasana Tchité
Player|26688|Manuel Martínez Lara
Player|40299|Stern John
Player|5059|Kyah Simon
Player|34391|Harry Kewell
Player|27480|Lucas Alfonso Orbán Alegre
Player|23567|Tom Starke
Player|26091|Jordyn Pamela Huitema
Player|40312|Paul Butler
Player|4711|Pablo Hernández Domínguez
Player|20088|Danijel Pranjić
Player|26639|Grégory Arnolin
Player|24147|Ernesto Galán Iñigo
Player|26609|Pablo Daniel Osvaldo
Player|40369|Steven Caldwell
Player|7180|Imani Dorsey
Player|8512|Franco Matías Di Santo
Player|6350|Manuel Henrique Tavares Fernandes
Player|15612|Jessica Marie Samuelsson
Player|26843|Juan Luis Gómez López
Player|25932|Pablo Gabriel García Pérez
Player|40273|Goran Bunjevčević
